timestamp, title, error
Talk:Ivan Paštrić, 20150603090816, "Red Terror" Martyrs' Memorial Museum, 20150604075945, User talk:Anthony "Pastor Shep" Crawford, 20150604081225, 1064 (42000): You have an error in your SQL syntax; check the manual that corresponds to your MySQL server version for the right syntax to use near 'Pastor Shep" Crawford" AND flag = 0' at line 1
User talk:Anthony "Pastor Shep" Crawford, 20150604081548, 1064 (42000): You have an error in your SQL syntax; check the manual that corresponds to your MySQL server version for the right syntax to use near 'Pastor Shep" Crawford" AND flag = 0' at line 1
User talk:Anthony "Pastor Shep" Crawford, 20150604081710, 1064 (42000): You have an error in your SQL syntax; check the manual that corresponds to your MySQL server version for the right syntax to use near 'Pastor Shep" Crawford" AND flag = 0' at line 1
User talk:Anthony "Pastor Shep" Crawford, 20150604081710, 1064 (42000): You have an error in your SQL syntax; check the manual that corresponds to your MySQL server version for the right syntax to use near 'Pastor Shep" Crawford" AND flag = 0' at line 1
Ohio Central Region defunct athletic conferences, 20150604082022, 1064 (42000): You have an error in your SQL syntax; check the manual that corresponds to your MySQL server version for the right syntax to use near '%s AND flag = 0' at line 1
William Herschel, 20150604082023, 1064 (42000): You have an error in your SQL syntax; check the manual that corresponds to your MySQL server version for the right syntax to use near '%s AND flag = 0' at line 1
Dybbuk, 20150604082023, 1064 (42000): You have an error in your SQL syntax; check the manual that corresponds to your MySQL server version for the right syntax to use near '%s AND flag = 0' at line 1
Digital television in Malaysia, 20150604082023, 1064 (42000): You have an error in your SQL syntax; check the manual that corresponds to your MySQL server version for the right syntax to use near '%s AND flag = 0' at line 1
User talk:User228, 20150604082023, 1064 (42000): You have an error in your SQL syntax; check the manual that corresponds to your MySQL server version for the right syntax to use near '%s AND flag = 0' at line 1
Giuseppe Verdi, 20150604082025, 1064 (42000): You have an error in your SQL syntax; check the manual that corresponds to your MySQL server version for the right syntax to use near '%s AND flag = 0' at line 1
Belarus national football team, 20150604082025, 1064 (42000): You have an error in your SQL syntax; check the manual that corresponds to your MySQL server version for the right syntax to use near '%s AND flag = 0' at line 1
Aircraft carrier, 20150604082026, 1064 (42000): You have an error in your SQL syntax; check the manual that corresponds to your MySQL server version for the right syntax to use near '%s AND flag = 0' at line 1
Talk:Zeitgeist (film series), 20150604082026, 1064 (42000): You have an error in your SQL syntax; check the manual that corresponds to your MySQL server version for the right syntax to use near '%s AND flag = 0' at line 1
List of Chinese football transfers summer 2015, 20150604082029, 1064 (42000): You have an error in your SQL syntax; check the manual that corresponds to your MySQL server version for the right syntax to use near '%s AND flag = 0' at line 1
James Laurence Watts, 20150604082032, 1064 (42000): You have an error in your SQL syntax; check the manual that corresponds to your MySQL server version for the right syntax to use near '%s AND flag = 0' at line 1
User:Z105space/sandbox2, 20150604082032, 1064 (42000): You have an error in your SQL syntax; check the manual that corresponds to your MySQL server version for the right syntax to use near '%s AND flag = 0' at line 1
File:Ministry of National Development (Singapore) (logo).png, 20150604082033, 1064 (42000): You have an error in your SQL syntax; check the manual that corresponds to your MySQL server version for the right syntax to use near '%s AND flag = 0' at line 1
